{
  "model_name": "XGB2_Log",
  "rmse": 29.39143843983737,
  "mae": 1.6654989842374492,
  "r2": 0.9970863242833363,
  "confidence_level": 0.9,
  "trained_on": "2013-2024",
  "state_rmse": {
    "Andhra Pradesh": 3.5234553020786703,
    "Arunachal Pradesh": 0.8353129691741492,
    "Assam": 4.744874104434209,
    "Bihar": 2.2424711631798897,
    "Chandigarh": 0.13315517947143765,
    "Chhattisgarh": 1.9836990126227634,
    "Goa": 0.40009664408049145,
    "Gujarat": 5.988073001727955,
    "Haryana": 3.8183311609667947,
    "J&K": 1.6405731987475516,
    "Jharkhand": 0.7718252099905488,
    "Karnataka": 3.662711589016405,
    "Kerala": 1.3453156593373725,
    "Maharashtra": 7.477840658476669,
    "Manipur": 0.12958592316499368,
    "Meghalaya": 0.943141933078437,
    "Mizoram": 0.24157341987326528,
    "Nagaland": 0.6035226559467701,
    "Odisha": 2.265055261767703,
    "Puducherry": 0.20160693093660575,
    "Punjab": 4.525144392447141,
    "Rajasthan": 4.27505304546202,
    "Sikkim": 0.13528810132446917,
    "Tamil Nadu": 5.468912949442657,
    "Telangana": 3.3356887217032205,
    "Tripura": 2.310305934768058,
    "Uttarakhand": 2.2123449568878533,
    "West Bengal": 4.5529406184892345
  },
  "state_rmse_summary": {
    "total_states": 28,
    "successful": 28,
    "failed": 0,
    "mean_rmse": 2.4917107035213335,
    "min_rmse": 0.12958592316499368,
    "max_rmse": 7.477840658476669,
    "failed_states": []
  }
}